{"cameraMode":{"drawMode":0,"name":"Shaded","section":"Shading Mode"},"sceneLighting":true,"audioPlay":false,"sceneViewState":{"m_AlwaysRefresh":false,"showFog":true,"showSkybox":true,"showFlares":true,"showImageEffects":true,"showParticleSystems":true,"showVisualEffectGraphs":true,"m_FxEnabled":true},"in2DMode":false,"pivot":{"x":3.056748390197754,"y":6.5584564208984379,"z":0.6251144409179688},"rotation":{"x":0.33897754549980166,"y":-0.01834363117814064,"z":0.006610760930925608,"w":0.9405932426452637},"size":18.135684967041017,"orthographic":false}